{"cameraMode":{"drawMode":0,"name":"Shaded","section":"Shading Mode"},"sceneLighting":false,"audioPlay":false,"sceneViewState":{"showFog":false,"showMaterialUpdate":false,"showSkybox":false,"showFlares":false,"showImageEffects":false,"showParticleSystems":false},"in2DMode":false,"pivot":{"x":19.098602294921876,"y":-10.27994441986084,"z":42.1154899597168},"rotation":{"x":0.0984092503786087,"y":0.20827995240688325,"z":-0.021068081259727479,"w":0.9728778004646301},"size":51.640262603759769,"orthographic":false}