{"cameraMode":{"drawMode":0,"name":"Shaded","section":"Shading Mode"},"sceneLighting":false,"audioPlay":false,"sceneViewState":{"showFog":false,"showMaterialUpdate":false,"showSkybox":false,"showFlares":false,"showImageEffects":false,"showParticleSystems":false},"in2DMode":false,"pivot":{"x":118.18162536621094,"y":-34.607059478759769,"z":123.71710205078125},"rotation":{"x":0.052780862897634509,"y":0.012884373776614666,"z":-0.000681054953020066,"w":0.9985228180885315},"size":655.77001953125,"orthographic":false}